﻿<?xml version="1.0" encoding="utf-8" ?>

<ConfigService>
	<Field name="CLIENT_LEGAL_NAME" />
	<Field name="CLIENT_PHONE" />
	<Field name="EMAIL_ADDRESS_LINE_1" />
	<Field name="EMAIL_ADDRESS_LINE_2" />
	<Field name="EMAIL_CITY" />
	<Field name="EMAIL_STATE" />
	<Field name="EMAIL_ZIP" />
	<Field name="PRIMARY_CONTACT_NAME" />
	<Field name="PRIMARY_CONTACT_EMAIL" />
	<Field name="PRIMARY_CONTACT_PHONE" />
	<Field name="CONTACT_FAX" />
	<Field name="ACCOUNT_NUMBER" />
	<Field name="VENDOR_CLIENT_ID" />
	<Field name="EDI_VENDOR" />
	<Field name="EDI_PRODUCT" />
	<Field name="SUBMITTER_EMAIL" />
	<Field name="COMMENTS_EMAIL_SUBMIT" />
</ConfigService>
